{"cameraMode":{"drawMode":0,"name":"Shaded","section":"Shading Mode"},"sceneLighting":true,"audioPlay":false,"sceneViewState":{"showFog":true,"showMaterialUpdate":false,"showSkybox":true,"showFlares":true,"showImageEffects":true,"showParticleSystems":true,"showVisualEffectGraphs":true,"m_FxEnabled":true},"in2DMode":false,"pivot":{"x":201.2236785888672,"y":101.33931732177735,"z":-354.0462951660156},"rotation":{"x":0.11774488538503647,"y":-0.30981969833374026,"z":0.036608386784791949,"w":0.9428319931030273},"size":4.751504421234131,"orthographic":false}